Entity,Code,Year,"Mean years of schooling (ISCED 1 or higher), population 25+ years, male"
Afghanistan,AFG,1975,1.17914
Afghanistan,AFG,1979,1.48101
Afghanistan,AFG,2015,3.43609
Afghanistan,AFG,2021,3.40131
Afghanistan,AFG,2022,3.91274
Albania,ALB,2001,9.42406
Albania,ALB,2008,9.83699
Albania,ALB,2011,10.22164
Albania,ALB,2012,10.23851
Albania,ALB,2017,10.30484
Algeria,DZA,1971,1.66357
Algeria,DZA,2006,7.16524
Algeria,DZA,2008,7.21658
Algeria,DZA,2011,6.24021
Algeria,DZA,2019,7.54066
American Samoa,ASM,1974,9.57684
American Samoa,ASM,1980,9.53472
American Samoa,ASM,1990,10.81646
Andorra,AND,2003,10.08983
Andorra,AND,2004,10.82661
Andorra,AND,2005,10.20879
Andorra,AND,2006,10.45675
Andorra,AND,2014,10.70187
Andorra,AND,2015,10.63362
Andorra,AND,2016,10.62108
Andorra,AND,2022,11.70438
Angola,AGO,2014,4.9513
Angola,AGO,2015,6.82274
Anguilla,AIA,2001,10.20251
Argentina,ARG,1970,6.28247
Argentina,ARG,1980,6.7739
Argentina,ARG,1991,8.30291
Argentina,ARG,2001,8.74292
Argentina,ARG,2003,9.81952
Argentina,ARG,2006,10.08183
Argentina,ARG,2008,10.2977
Argentina,ARG,2009,10.39672
Argentina,ARG,2010,10.49977
Argentina,ARG,2011,10.60985
Argentina,ARG,2012,10.59395
Argentina,ARG,2013,10.75256
Argentina,ARG,2014,10.71324
Argentina,ARG,2015,10.71999
Argentina,ARG,2016,10.76697
Argentina,ARG,2018,10.88024
Argentina,ARG,2020,10.85798
Armenia,ARM,2001,10.59586
Armenia,ARM,2011,11.2005
Armenia,ARM,2015,11.56811
Armenia,ARM,2016,11.70087
Armenia,ARM,2017,11.19267
Armenia,ARM,2020,11.34119
Aruba,ABW,1991,7.30359
Aruba,ABW,2000,8.90098
Aruba,ABW,2010,8.45232
Australia,AUS,1971,9.94169
Australia,AUS,2004,11.67237
Australia,AUS,2005,11.68885
Australia,AUS,2006,11.73492
Australia,AUS,2007,11.79204
Australia,AUS,2008,11.971
Australia,AUS,2009,12.00766
Australia,AUS,2010,12.02889
Australia,AUS,2011,12.07631
Australia,AUS,2012,12.27934
Australia,AUS,2013,11.99537
Australia,AUS,2014,12.20263
Australia,AUS,2015,12.25645
Australia,AUS,2016,12.34566
Australia,AUS,2017,12.28576
Australia,AUS,2018,12.3911
Australia,AUS,2019,12.51845
Australia,AUS,2020,12.55508
Australia,AUS,2021,12.71927
Australia,AUS,2022,12.7811
Austria,AUT,1971,10.31135
Austria,AUT,1981,10.82503
Austria,AUT,1991,10.92482
Austria,AUT,2005,12.01947
Austria,AUT,2007,12.06237
Austria,AUT,2008,12.09947
Austria,AUT,2009,12.14536
Austria,AUT,2010,12.15625
Austria,AUT,2011,12.16122
Austria,AUT,2012,12.19072
Austria,AUT,2013,12.20025
Austria,AUT,2014,12.42884
Austria,AUT,2015,12.46493
Austria,AUT,2016,12.47828
Austria,AUT,2017,12.49718
Austria,AUT,2019,12.55374
Azerbaijan,AZE,1999,10.78935
Azerbaijan,AZE,2007,10.93372
Azerbaijan,AZE,2008,10.94177
Azerbaijan,AZE,2009,10.94535
Azerbaijan,AZE,2010,10.93852
Azerbaijan,AZE,2011,10.93781
Azerbaijan,AZE,2012,10.94617
Azerbaijan,AZE,2013,10.92201
Azerbaijan,AZE,2014,10.92675
Azerbaijan,AZE,2015,10.92757
Azerbaijan,AZE,2016,11.00453
Azerbaijan,AZE,2017,11.00548
Azerbaijan,AZE,2018,11.00806
Azerbaijan,AZE,2019,11.01269
Azerbaijan,AZE,2023,11.16313
Bahamas,BHS,1990,9.96602
Bahamas,BHS,2000,10.7841
Bahamas,BHS,2010,11.69236
Bahrain,BHR,1971,2.42678
Bahrain,BHR,1991,5.6333
Bahrain,BHR,2001,8.9522
Bahrain,BHR,2010,8.05614
Bahrain,BHR,2016,9.51446
Bahrain,BHR,2017,9.79886
Bahrain,BHR,2018,10.56086
Bahrain,BHR,2020,11.12381
Bahrain,BHR,2022,11.03205
Bangladesh,BGD,1974,2.05155
Bangladesh,BGD,1981,3.10073
Bangladesh,BGD,2001,5.00275
Bangladesh,BGD,2011,6.00875
Bangladesh,BGD,2012,6.08224
Bangladesh,BGD,2013,5.74734
Bangladesh,BGD,2014,5.80048
Bangladesh,BGD,2015,6.63524
Bangladesh,BGD,2016,6.78132
Bangladesh,BGD,2017,6.90503
Bangladesh,BGD,2018,6.99896
Bangladesh,BGD,2019,7.14094
Bangladesh,BGD,2020,7.73711
Bangladesh,BGD,2021,7.35347
Barbados,BRB,1970,8.63718
Barbados,BRB,2000,8.89973
Belarus,BLR,1970,6.73449
Belarus,BLR,1989,7.38739
Belarus,BLR,2009,11.35336
Belarus,BLR,2019,12.12978
Belgium,BEL,1970,7.74632
Belgium,BEL,2006,11.33882
Belgium,BEL,2008,11.50493
Belgium,BEL,2009,11.61237
Belgium,BEL,2010,11.67721
Belgium,BEL,2011,11.71836
Belgium,BEL,2012,11.74354
Belgium,BEL,2013,11.74154
Belgium,BEL,2014,11.85798
Belgium,BEL,2015,12.06518
Belgium,BEL,2016,12.15369
Belgium,BEL,2017,12.37462
Belgium,BEL,2019,12.43481
Belize,BLZ,1970,4.71829
Belize,BLZ,1980,5.139
Belize,BLZ,1991,5.68023
Belize,BLZ,2005,8.09564
Belize,BLZ,2010,10.47953
Belize,BLZ,2015,8.90162
Belize,BLZ,2020,8.65289
Benin,BEN,1979,1.03791
Benin,BEN,2002,3.56915
Benin,BEN,2017,3.84967
Benin,BEN,2019,4.29484
Benin,BEN,2021,4.58988
Bermuda,BMU,1970,8.51577
Bermuda,BMU,1991,10.85462
Bermuda,BMU,2000,12.76689
Bermuda,BMU,2010,10.33454
Bermuda,BMU,2016,12.08084
Bhutan,BTN,2012,2.98139
Bhutan,BTN,2017,4.77225
Bolivia,BOL,1976,4.67504
Bolivia,BOL,1992,7.24904
Bolivia,BOL,2001,8.18684
Bolivia,BOL,2006,7.57977
Bolivia,BOL,2008,7.94705
Bolivia,BOL,2009,8.23717
Bolivia,BOL,2012,8.80246
Bolivia,BOL,2015,9.32538
Bolivia,BOL,2019,10.48178
Bolivia,BOL,2020,10.49209
Bosnia and Herzegovina,BIH,2010,8.15443
Bosnia and Herzegovina,BIH,2011,8.2646
Bosnia and Herzegovina,BIH,2014,10.44812
Bosnia and Herzegovina,BIH,2015,10.48048
Bosnia and Herzegovina,BIH,2016,10.85383
Bosnia and Herzegovina,BIH,2018,10.8519
Bosnia and Herzegovina,BIH,2020,11.35263
Bosnia and Herzegovina,BIH,2022,11.6633
Botswana,BWA,1971,1.36444
Brazil,BRA,1970,2.72117
Brazil,BRA,1976,2.62701
Brazil,BRA,1980,2.75048
Brazil,BRA,2004,5.87898
Brazil,BRA,2006,6.20285
Brazil,BRA,2007,6.37735
Brazil,BRA,2008,6.53584
Brazil,BRA,2009,6.63005
Brazil,BRA,2010,6.69647
Brazil,BRA,2011,6.83192
Brazil,BRA,2012,7.02974
Brazil,BRA,2013,7.07699
Brazil,BRA,2014,7.15733
Brazil,BRA,2015,7.29065
Brazil,BRA,2016,7.52845
Brazil,BRA,2017,7.62345
Brazil,BRA,2018,7.75158
British Virgin Islands,VGB,1980,7.17169
British Virgin Islands,VGB,1991,8.52125
Brunei,BRN,1971,4.89548
Brunei,BRN,1981,7.37577
Brunei,BRN,2011,11.76812
Bulgaria,BGR,1975,4.9303
Bulgaria,BGR,1992,7.584
Bulgaria,BGR,2001,10.17559
Bulgaria,BGR,2006,10.45983
Bulgaria,BGR,2007,10.59015
Bulgaria,BGR,2008,10.61771
Bulgaria,BGR,2009,10.65058
Bulgaria,BGR,2010,10.70943
Bulgaria,BGR,2011,10.77132
Bulgaria,BGR,2012,10.87364
Bulgaria,BGR,2013,10.96911
Bulgaria,BGR,2014,10.97848
Bulgaria,BGR,2015,11.10452
Bulgaria,BGR,2016,11.14128
Bulgaria,BGR,2017,11.14204
Bulgaria,BGR,2020,11.30866
Burkina Faso,BFA,2006,1.87701
Burkina Faso,BFA,2007,1.40895
Burkina Faso,BFA,2014,1.77022
Burkina Faso,BFA,2018,2.48824
Burkina Faso,BFA,2019,2.81629
Burkina Faso,BFA,2021,3.09997
Burundi,BDI,1990,2.1777
Burundi,BDI,2008,2.90143
Burundi,BDI,2014,2.54052
Burundi,BDI,2017,3.45608
Cambodia,KHM,2007,5.00133
Cambodia,KHM,2008,5.05438
Cambodia,KHM,2009,4.9778
Cambodia,KHM,2014,4.55965
Cambodia,KHM,2015,4.76166
Cambodia,KHM,2019,5.87922
Cambodia,KHM,2021,6.20046
Cameroon,CMR,1976,2.5369
Cameroon,CMR,2007,4.01346
Cameroon,CMR,2010,6.61175
Cameroon,CMR,2018,7.45468
Canada,CAN,1976,10.01286
Canada,CAN,1981,10.5854
Canada,CAN,1986,10.64905
Canada,CAN,1991,11.09123
Canada,CAN,2001,12.71984
Canada,CAN,2006,13.3683
Canada,CAN,2011,13.56998
Canada,CAN,2016,13.68088
Canada,CAN,2021,13.78869
Cape Verde,CPV,2015,6.12707
Cayman Islands,CYM,1970,6.7684
Cayman Islands,CYM,1989,9.31104
Cayman Islands,CYM,2004,11.59685
Cayman Islands,CYM,2005,12.09554
Cayman Islands,CYM,2006,11.91654
Cayman Islands,CYM,2007,12.59664
Cayman Islands,CYM,2008,12.60096
Cayman Islands,CYM,2014,13.42079
Cayman Islands,CYM,2015,13.31867
Central African Republic,CAF,1975,2.42423
Central African Republic,CAF,1988,3.14695
Central African Republic,CAF,2019,5.40825
Chad,TCD,2004,2.34443
Chad,TCD,2009,2.6897
Chad,TCD,2019,3.3935
Chile,CHL,1970,5.96896
Chile,CHL,1982,6.69135
Chile,CHL,2004,9.76497
Chile,CHL,2007,9.89809
Chile,CHL,2008,10.26148
Chile,CHL,2010,9.97152
Chile,CHL,2011,9.72325
Chile,CHL,2013,10.16396
Chile,CHL,2015,10.42253
Chile,CHL,2017,10.71919
China,CHN,1982,4.83003
China,CHN,2000,6.67487
China,CHN,2010,7.48397
China,CHN,2018,8.67063
China,CHN,2020,8.25545
Colombia,COL,2004,7.1279
Colombia,COL,2005,7.30897
Colombia,COL,2006,6.80367
Colombia,COL,2007,7.16622
Colombia,COL,2008,7.30472
Colombia,COL,2009,7.18724
Colombia,COL,2010,7.3434
Colombia,COL,2011,7.45426
Colombia,COL,2012,7.55686
Colombia,COL,2013,7.72068
Colombia,COL,2014,7.86827
Colombia,COL,2015,7.92947
Colombia,COL,2016,8.07958
Colombia,COL,2018,8.33629
Colombia,COL,2019,8.46263
Colombia,COL,2020,8.69707
Comoros,COM,2022,6.93481
Congo,COG,1984,4.57775
Congo,COG,2015,9.32908
Cook Islands,COK,1971,5.85411
Cook Islands,COK,2006,9.96279
Costa Rica,CRI,1973,4.60582
Costa Rica,CRI,2007,8.04002
Costa Rica,CRI,2008,8.29291
Costa Rica,CRI,2009,8.38695
Costa Rica,CRI,2010,8.21009
Costa Rica,CRI,2011,8.32896
Costa Rica,CRI,2012,8.38922
Costa Rica,CRI,2014,8.75661
Costa Rica,CRI,2015,8.4923
Costa Rica,CRI,2016,8.47895
Costa Rica,CRI,2018,8.59669
Costa Rica,CRI,2020,8.70225
Cote d'Ivoire,CIV,1988,6.62126
Cote d'Ivoire,CIV,1998,7.14368
Cote d'Ivoire,CIV,2014,5.21584
Cote d'Ivoire,CIV,2016,5.08892
Cote d'Ivoire,CIV,2021,5.13263
Croatia,HRV,1991,8.08826
Croatia,HRV,2001,10.81351
Croatia,HRV,2011,11.71827
Cuba,CUB,2002,10.32371
Cuba,CUB,2012,11.51378
Cuba,CUB,2019,10.56829
Curacao,CUW,2020,11.78857
Cyprus,CYP,1992,9.34727
Cyprus,CYP,2004,11.02999
Cyprus,CYP,2005,11.1176
Cyprus,CYP,2006,11.32642
Cyprus,CYP,2007,11.54636
Cyprus,CYP,2008,11.62537
Cyprus,CYP,2009,11.60869
Cyprus,CYP,2010,11.78087
Cyprus,CYP,2011,11.8653
Cyprus,CYP,2012,12.04155
Cyprus,CYP,2013,12.11914
Cyprus,CYP,2014,12.0342
Cyprus,CYP,2015,12.01636
Cyprus,CYP,2016,12.18971
Cyprus,CYP,2018,12.33156
Cyprus,CYP,2020,12.47198
Czechia,CZE,1991,10.55339
Czechia,CZE,2006,12.52907
Czechia,CZE,2007,12.53813
Czechia,CZE,2008,12.56437
Czechia,CZE,2009,12.64197
Czechia,CZE,2010,12.7281
Czechia,CZE,2011,12.78345
Czechia,CZE,2012,12.79806
Czechia,CZE,2013,12.85533
Czechia,CZE,2014,12.89269
Czechia,CZE,2015,12.89289
Czechia,CZE,2016,12.95543
Czechia,CZE,2017,12.99285
Czechia,CZE,2019,13.03566
Democratic Republic of Congo,COD,1984,4.62254
Democratic Republic of Congo,COD,2013,7.65471
Democratic Republic of Congo,COD,2016,8.37362
Democratic Republic of Congo,COD,2018,8.79121
Denmark,DNK,1991,11.57108
Denmark,DNK,1994,11.70915
Denmark,DNK,1995,11.79016
Denmark,DNK,2003,12.90029
Denmark,DNK,2004,12.78967
Denmark,DNK,2007,12.61505
Denmark,DNK,2008,12.82812
Denmark,DNK,2009,12.26935
Denmark,DNK,2010,12.4249
Denmark,DNK,2011,12.4118
Denmark,DNK,2012,12.58278
Denmark,DNK,2013,12.59641
Denmark,DNK,2014,12.56312
Denmark,DNK,2015,12.49314
Denmark,DNK,2016,13.00461
Denmark,DNK,2018,12.63892
Denmark,DNK,2020,12.76415
Djibouti,DJI,2017,4.90272
Dominica,DMA,1970,5.33516
Dominica,DMA,1981,5.86528
Dominica,DMA,2001,7.62328
Dominican Republic,DOM,1970,3.11124
Dominican Republic,DOM,2007,6.95253
Dominican Republic,DOM,2010,7.04828
Dominican Republic,DOM,2011,7.12228
Dominican Republic,DOM,2012,7.17254
Dominican Republic,DOM,2013,7.28832
Dominican Republic,DOM,2014,7.40494
Dominican Republic,DOM,2015,7.39553
Dominican Republic,DOM,2016,8.7566
Dominican Republic,DOM,2019,8.4726
East Timor,TLS,2010,6.03499
East Timor,TLS,2016,5.98835
Ecuador,ECU,1974,4.80034
Ecuador,ECU,1982,5.87747
Ecuador,ECU,1990,7.13139
Ecuador,ECU,2007,7.88764
Ecuador,ECU,2008,7.86823
Ecuador,ECU,2009,7.88734
Ecuador,ECU,2010,8.00586
Ecuador,ECU,2011,8.05583
Ecuador,ECU,2012,8.2359
Ecuador,ECU,2013,8.4066
Ecuador,ECU,2014,8.46433
Ecuador,ECU,2015,8.78016
Ecuador,ECU,2016,8.7519
Ecuador,ECU,2017,8.82324
Ecuador,ECU,2020,8.83627
Ecuador,ECU,2021,9.08182
Ecuador,ECU,2022,9.02661
Egypt,EGY,1986,4.3735
Egypt,EGY,1996,6.68477
Egypt,EGY,2006,7.59548
Egypt,EGY,2017,9.12622
El Salvador,SLV,1992,4.21848
El Salvador,SLV,2006,6.32622
El Salvador,SLV,2007,5.98663
El Salvador,SLV,2008,6.49145
El Salvador,SLV,2009,6.50333
El Salvador,SLV,2010,6.66052
El Salvador,SLV,2011,6.61616
El Salvador,SLV,2012,6.80026
El Salvador,SLV,2013,6.83098
El Salvador,SLV,2016,7.11956
El Salvador,SLV,2017,7.21877
El Salvador,SLV,2019,7.56694
El Salvador,SLV,2020,7.62427
Estonia,EST,1989,9.6358
Estonia,EST,2000,12.07515
Estonia,EST,2006,12.94263
Estonia,EST,2007,12.93767
Estonia,EST,2008,12.91524
Estonia,EST,2009,12.89049
Estonia,EST,2010,12.89377
Estonia,EST,2011,12.97887
Estonia,EST,2012,13.05675
Estonia,EST,2013,13.10611
Estonia,EST,2014,12.90577
Estonia,EST,2015,12.96607
Estonia,EST,2016,13.02927
Estonia,EST,2017,13.06044
Estonia,EST,2018,13.13473
Estonia,EST,2020,13.27297
Eswatini,SWZ,1976,3.30392
Eswatini,SWZ,1986,3.77165
Ethiopia,ETH,2007,2.82642
Ethiopia,ETH,2011,3.25434
Ethiopia,ETH,2016,3.42867
Ethiopia,ETH,2019,3.22322
Fiji,FJI,1976,4.8842
Fiji,FJI,1986,6.37835
Fiji,FJI,1996,7.98825
Fiji,FJI,2007,9.26645
Fiji,FJI,2017,10.56837
Fiji,FJI,2021,10.30622
Finland,FIN,1985,9.07344
Finland,FIN,1990,9.42088
Finland,FIN,2003,12.08005
Finland,FIN,2005,12.15074
Finland,FIN,2006,12.18681
Finland,FIN,2007,12.21827
Finland,FIN,2008,12.25587
Finland,FIN,2009,12.28983
Finland,FIN,2010,12.32754
Finland,FIN,2011,12.35817
Finland,FIN,2012,12.38245
Finland,FIN,2013,12.43235
Finland,FIN,2014,12.47158
Finland,FIN,2015,12.49234
Finland,FIN,2017,12.57655
Finland,FIN,2019,12.69113
France,FRA,1990,7.90643
France,FRA,2004,10.56318
France,FRA,2005,10.63672
France,FRA,2007,10.85214
France,FRA,2008,10.92541
France,FRA,2009,10.7761
France,FRA,2010,11.06038
France,FRA,2011,11.11699
France,FRA,2012,11.18646
France,FRA,2013,11.34736
France,FRA,2014,11.49697
France,FRA,2015,11.5692
France,FRA,2016,11.59448
France,FRA,2017,11.63418
France,FRA,2019,11.80277
French Polynesia,PYF,2007,9.92441
Gambia,GMB,1973,0.67078
Gambia,GMB,2018,5.16806
Gambia,GMB,2020,5.59048
Georgia,GEO,2002,12.09392
Georgia,GEO,2012,12.5966
Georgia,GEO,2014,12.64625
Georgia,GEO,2016,12.79919
Georgia,GEO,2017,12.84767
Georgia,GEO,2018,13.31106
Georgia,GEO,2019,12.7704
Georgia,GEO,2022,12.63049
Germany,DEU,2004,14.32389
Germany,DEU,2005,14.24209
Germany,DEU,2006,14.14577
Germany,DEU,2007,14.20826
Germany,DEU,2008,14.28574
Germany,DEU,2009,14.33932
Germany,DEU,2010,14.35093
Germany,DEU,2011,14.38992
Germany,DEU,2012,14.4193
Germany,DEU,2013,14.42337
Germany,DEU,2014,14.46883
Germany,DEU,2015,14.48918
Germany,DEU,2016,14.51569
Germany,DEU,2018,14.36165
Germany,DEU,2020,14.53505
Ghana,GHA,1970,3.20668
Ghana,GHA,2010,8.72542
Ghana,GHA,2017,7.39827
Greece,GRC,1981,7.47266
Greece,GRC,2005,10.1841
Greece,GRC,2006,10.44237
Greece,GRC,2007,10.48787
Greece,GRC,2008,10.52318
Greece,GRC,2010,10.55834
Greece,GRC,2014,10.90721
Greece,GRC,2015,11.00923
Greece,GRC,2016,10.57212
Greece,GRC,2020,11.74694
Greenland,GRL,2009,10.47529
Greenland,GRL,2012,10.53971
Greenland,GRL,2014,10.55479
Greenland,GRL,2015,10.55999
Greenland,GRL,2018,10.63062
Greenland,GRL,2019,10.58591
Grenada,GRD,1970,5.65203
Grenada,GRD,1981,5.9056
Guadeloupe,GLP,1982,5.61312
Guam,GUM,1970,9.48898
Guam,GUM,1980,11.43657
Guam,GUM,1990,12.10966
Guatemala,GTM,1973,1.89345
Guatemala,GTM,2002,4.33797
Guatemala,GTM,2006,4.21951
Guatemala,GTM,2012,5.43804
Guatemala,GTM,2013,5.42211
Guatemala,GTM,2014,6.21028
Guatemala,GTM,2015,5.55638
Guatemala,GTM,2019,6.23799
Guinea,GIN,1996,2.16896
Guinea,GIN,2010,2.58223
Guinea,GIN,2014,2.85075
Guinea,GIN,2016,4.51322
Guinea,GIN,2018,3.166
Guyana,GUY,1970,4.88807
Guyana,GUY,1980,5.6098
Guyana,GUY,2002,6.04425
Guyana,GUY,2019,8.45302
Haiti,HTI,1971,1.17627
Haiti,HTI,1982,1.71971
Haiti,HTI,2017,6.13781
Honduras,HND,1974,2.33761
Honduras,HND,2007,4.9337
Honduras,HND,2011,5.53901
Honduras,HND,2012,5.46917
Honduras,HND,2014,6.09509
Honduras,HND,2015,6.15738
Honduras,HND,2016,6.4934
Honduras,HND,2018,6.17493
Honduras,HND,2019,7.43138
Hong Kong,HKG,1971,6.82968
Hong Kong,HKG,1976,7.06415
Hong Kong,HKG,1981,8.01133
Hong Kong,HKG,1986,8.62347
Hong Kong,HKG,1991,9.71309
Hong Kong,HKG,1996,10.46382
Hong Kong,HKG,2006,11.57929
Hong Kong,HKG,2008,11.77186
Hong Kong,HKG,2009,11.86092
Hong Kong,HKG,2010,11.92546
Hong Kong,HKG,2011,12.14506
Hong Kong,HKG,2014,12.37909
Hong Kong,HKG,2015,12.52642
Hong Kong,HKG,2017,12.65887
Hong Kong,HKG,2019,12.70688
Hong Kong,HKG,2022,12.78872
Hungary,HUN,1970,8.08976
Hungary,HUN,1980,9.30496
Hungary,HUN,1990,9.91934
Hungary,HUN,2001,10.77712
Hungary,HUN,2005,11.31021
Hungary,HUN,2009,11.98713
Hungary,HUN,2010,12.04623
Hungary,HUN,2011,12.06509
Hungary,HUN,2012,11.97159
Hungary,HUN,2013,12.13805
Hungary,HUN,2014,12.03321
Hungary,HUN,2015,12.09087
Hungary,HUN,2016,12.13027
Hungary,HUN,2020,12.42362
Iceland,ISL,2005,12.69116
Iceland,ISL,2019,13.58317
Iceland,ISL,2020,13.67178
India,IND,1971,1.96917
India,IND,1981,3.19894
India,IND,2011,6.52597
India,IND,2016,7.15981
India,IND,2018,7.42042
India,IND,2019,7.60066
India,IND,2020,7.64472
India,IND,2022,7.62589
Indonesia,IDN,1971,3.18592
Indonesia,IDN,1980,3.97744
Indonesia,IDN,1990,4.00245
Indonesia,IDN,2006,7.89644
Indonesia,IDN,2007,7.68067
Indonesia,IDN,2008,7.65552
Indonesia,IDN,2009,7.9064
Indonesia,IDN,2011,8.03768
Indonesia,IDN,2014,8.27495
Indonesia,IDN,2015,8.38503
Indonesia,IDN,2016,8.39127
Indonesia,IDN,2017,8.73893
Indonesia,IDN,2018,8.57231
Indonesia,IDN,2020,8.91211
Iran,IRN,2006,10.08851
Iran,IRN,2008,9.55461
Iran,IRN,2010,9.81313
Iran,IRN,2012,10.02624
Iran,IRN,2013,10.15341
Iran,IRN,2014,10.20485
Iran,IRN,2016,10.37304
Iraq,IRQ,2013,8.32477
Iraq,IRQ,2018,7.97385
Ireland,IRL,1971,7.50295
Ireland,IRL,1981,8.32117
Ireland,IRL,1991,9.23487
Ireland,IRL,2006,11.16356
Ireland,IRL,2007,11.16234
Ireland,IRL,2010,11.43386
Ireland,IRL,2011,10.82022
Ireland,IRL,2017,11.22844
Israel,ISR,1972,8.04469
Israel,ISR,1982,9.66661
Israel,ISR,1983,8.04461
Israel,ISR,2004,12.32677
Israel,ISR,2006,11.83143
Israel,ISR,2007,12.43235
Israel,ISR,2009,12.49033
Israel,ISR,2010,12.5384
Israel,ISR,2011,12.6477
Israel,ISR,2012,12.72122
Israel,ISR,2013,12.82586
Israel,ISR,2014,12.91885
Israel,ISR,2015,12.95782
Italy,ITA,1971,5.67026
Italy,ITA,1981,6.2158
Italy,ITA,2001,9.2115
Italy,ITA,2005,9.66583
Italy,ITA,2006,9.76477
Italy,ITA,2007,9.8751
Italy,ITA,2008,9.97014
Italy,ITA,2009,10.04861
Italy,ITA,2010,10.12885
Italy,ITA,2011,10.17941
Italy,ITA,2012,10.27833
Italy,ITA,2014,10.46064
Italy,ITA,2015,10.52359
Italy,ITA,2020,10.88707
Jamaica,JAM,1970,4.1186
Jamaica,JAM,1982,4.75658
Jamaica,JAM,1991,6.67003
Jamaica,JAM,2011,7.97827
Japan,JPN,1970,9.87252
Japan,JPN,1980,10.81929
Japan,JPN,1990,11.96374
Japan,JPN,2010,12.88517
Japan,JPN,2020,13.01967
Jordan,JOR,2003,8.13336
Jordan,JOR,2008,10.13448
Jordan,JOR,2010,10.19645
Jordan,JOR,2017,11.03405
Jordan,JOR,2018,10.69655
Jordan,JOR,2020,10.8373
Kazakhstan,KAZ,1989,7.70302
Kazakhstan,KAZ,1999,9.74368
Kazakhstan,KAZ,2007,11.38347
Kazakhstan,KAZ,2009,10.99848
Kazakhstan,KAZ,2015,11.93432
Kazakhstan,KAZ,2018,12.17788
Kenya,KEN,1979,3.60386
Kenya,KEN,2009,7.09224
Kenya,KEN,2010,6.30756
Kenya,KEN,2019,8.77511
Kenya,KEN,2020,8.34294
Kenya,KEN,2022,9.34795
Kiribati,KIR,1978,5.99511
Kiribati,KIR,2018,8.97213
Kuwait,KWT,1970,3.26151
Kuwait,KWT,1975,4.70727
Kuwait,KWT,1980,5.70871
Kuwait,KWT,1985,6.28065
Kuwait,KWT,1988,5.87424
Kuwait,KWT,2005,5.91077
Kuwait,KWT,2006,5.88468
Kuwait,KWT,2007,5.99704
Kuwait,KWT,2008,6.14145
Kuwait,KWT,2012,7.20436
Kuwait,KWT,2013,6.35188
Kuwait,KWT,2015,6.76858
Kuwait,KWT,2017,6.83003
Kuwait,KWT,2018,6.83486
Kyrgyzstan,KGZ,1999,10.40065
Kyrgyzstan,KGZ,2009,10.78879
Kyrgyzstan,KGZ,2018,11.81299
Laos,LAO,2017,6.78879
Latvia,LVA,1989,8.36049
Latvia,LVA,2004,11.9835
Latvia,LVA,2005,12.04444
Latvia,LVA,2006,11.97888
Latvia,LVA,2007,11.93577
Latvia,LVA,2008,12.07647
Latvia,LVA,2009,12.13875
Latvia,LVA,2010,12.27174
Latvia,LVA,2011,12.27605
Latvia,LVA,2012,12.36492
Latvia,LVA,2013,12.45308
Latvia,LVA,2014,12.48452
Latvia,LVA,2015,12.45419
Latvia,LVA,2016,12.52946
Latvia,LVA,2018,12.79542
Latvia,LVA,2019,12.89022
Lebanon,LBN,1970,3.74301
Lebanon,LBN,2007,8.28428
Lebanon,LBN,2018,9.1344
Lesotho,LSO,1976,2.72959
Lesotho,LSO,2006,5.17243
Lesotho,LSO,2008,4.92894
Lesotho,LSO,2018,6.47224
Liberia,LBR,1974,1.83002
Liberia,LBR,2016,6.9222
Libya,LBY,1984,3.96304
Liechtenstein,LIE,1970,5.72768
Liechtenstein,LIE,2000,11.64016
Lithuania,LTU,1989,10.05196
Lithuania,LTU,2005,12.11566
Lithuania,LTU,2006,12.15357
Lithuania,LTU,2007,12.32145
Lithuania,LTU,2008,12.43408
Lithuania,LTU,2009,12.40436
Lithuania,LTU,2010,12.50752
Lithuania,LTU,2011,12.62736
Lithuania,LTU,2012,12.59761
Lithuania,LTU,2013,12.6174
Lithuania,LTU,2014,12.80726
Lithuania,LTU,2015,12.94464
Lithuania,LTU,2016,13.03599
Lithuania,LTU,2017,13.10665
Lithuania,LTU,2020,13.3952
Luxembourg,LUX,1991,9.46116
Luxembourg,LUX,2001,10.5835
Luxembourg,LUX,2003,11.66676
Luxembourg,LUX,2007,11.974
Luxembourg,LUX,2009,13.21542
Luxembourg,LUX,2010,13.2382
Luxembourg,LUX,2011,13.18387
Luxembourg,LUX,2012,13.3428
Luxembourg,LUX,2013,13.46416
Luxembourg,LUX,2014,13.75702
Luxembourg,LUX,2015,12.47874
Macao,MAC,1970,4.88691
Macao,MAC,1991,8.10179
Macao,MAC,2001,8.55897
Macao,MAC,2006,9.21491
Macao,MAC,2011,10.05835
Macao,MAC,2016,10.71329
Madagascar,MDG,2018,5.31147
Madagascar,MDG,2021,4.93546
Malawi,MWI,1977,2.35454
Malawi,MWI,1987,2.89348
Malawi,MWI,1998,3.57575
Malawi,MWI,2015,6.50037
Malawi,MWI,2020,6.39567
Malaysia,MYS,1980,4.93028
Malaysia,MYS,1996,7.93582
Malaysia,MYS,2000,8.90558
Malaysia,MYS,2005,8.01313
Malaysia,MYS,2009,9.86974
Malaysia,MYS,2010,9.97526
Malaysia,MYS,2016,10.46336
Malaysia,MYS,2019,10.71778
Malaysia,MYS,2022,11.20648
Maldives,MDV,2006,4.04533
Maldives,MDV,2017,6.77976
Mali,MLI,1976,0.38381
Mali,MLI,2006,1.34013
Mali,MLI,2011,2.69984
Mali,MLI,2015,2.17303
Mali,MLI,2016,2.08467
Mali,MLI,2018,2.55978
Mali,MLI,2019,2.75503
Mali,MLI,2020,2.16186
Malta,MLT,2000,8.20286
Malta,MLT,2005,10.25485
Malta,MLT,2007,10.30078
Malta,MLT,2010,10.71384
Malta,MLT,2011,10.92536
Malta,MLT,2012,11.20579
Malta,MLT,2013,11.39458
Malta,MLT,2014,11.4697
Malta,MLT,2015,11.53036
Malta,MLT,2016,11.56066
Malta,MLT,2018,12.09822
Malta,MLT,2020,12.40597
Marshall Islands,MHL,2011,11.05575
Mauritania,MRT,1988,3.18838
Mauritania,MRT,2013,4.80802
Mauritania,MRT,2015,5.37062
Mauritius,MUS,1972,4.48705
Mauritius,MUS,1983,5.69644
Mauritius,MUS,1990,6.82274
Mauritius,MUS,2000,7.01567
Mauritius,MUS,2011,9.10405
Mexico,MEX,1980,4.54688
Mexico,MEX,1990,6.4294
Mexico,MEX,2000,7.10507
Mexico,MEX,2004,7.73164
Mexico,MEX,2005,7.80301
Mexico,MEX,2006,8.31223
Mexico,MEX,2007,8.29989
Mexico,MEX,2008,8.34263
Mexico,MEX,2009,8.5171
Mexico,MEX,2010,8.24305
Mexico,MEX,2012,8.82162
Mexico,MEX,2013,8.59753
Mexico,MEX,2014,8.61025
Mexico,MEX,2015,8.81918
Mexico,MEX,2016,8.80332
Mexico,MEX,2017,8.93464
Mexico,MEX,2018,9.11212
Mexico,MEX,2020,9.35804
Moldova,MDA,1989,8.71878
Moldova,MDA,2007,11.41988
Moldova,MDA,2008,11.4958
Moldova,MDA,2009,11.55042
Moldova,MDA,2010,11.55512
Moldova,MDA,2011,11.62523
Moldova,MDA,2012,11.90227
Moldova,MDA,2013,11.6619
Moldova,MDA,2014,11.68174
Moldova,MDA,2015,11.63433
Moldova,MDA,2018,11.70843
Moldova,MDA,2019,11.69037
Moldova,MDA,2020,11.74029
Moldova,MDA,2021,11.74535
Moldova,MDA,2022,11.73506
Monaco,MCO,1975,9.3169
Mongolia,MNG,2000,9.13062
Mongolia,MNG,2010,9.74611
Mongolia,MNG,2018,10.318
Mongolia,MNG,2020,8.84771
Montenegro,MNE,2003,11.37109
Montenegro,MNE,2011,11.96816
Montenegro,MNE,2018,12.9173
Montserrat,MSR,1970,6.64978
Montserrat,MSR,1980,7.04091
Mozambique,MOZ,1980,1.37782
Mozambique,MOZ,2009,2.83451
Mozambique,MOZ,2011,3.37533
Mozambique,MOZ,2015,3.56369
Mozambique,MOZ,2017,3.89006
Mozambique,MOZ,2020,4.39444
Myanmar,MMR,1973,1.74975
Myanmar,MMR,1983,3.28327
Myanmar,MMR,2016,5.19389
Myanmar,MMR,2019,6.7309
Namibia,NAM,1991,5.8228
Namibia,NAM,2001,5.95075
Nepal,NPL,1971,0.45235
Nepal,NPL,1981,0.9721
Nepal,NPL,2001,4.16879
Nepal,NPL,2011,4.93156
Nepal,NPL,2016,5.1727
Nepal,NPL,2019,5.60166
Nepal,NPL,2021,5.80431
Netherlands,NLD,1971,8.13164
Netherlands,NLD,2004,12.21352
Netherlands,NLD,2005,12.21594
Netherlands,NLD,2007,12.36827
Netherlands,NLD,2008,12.27727
Netherlands,NLD,2009,12.2855
Netherlands,NLD,2010,12.35561
Netherlands,NLD,2011,12.2873
Netherlands,NLD,2012,12.34972
Netherlands,NLD,2013,12.42049
Netherlands,NLD,2014,12.43529
Netherlands,NLD,2015,12.46124
Netherlands,NLD,2016,12.47823
Netherlands,NLD,2018,12.57424
Netherlands,NLD,2020,12.81821
New Zealand,NZL,1981,9.78855
New Zealand,NZL,1991,10.84106
New Zealand,NZL,2001,13.10016
New Zealand,NZL,2006,13.35
New Zealand,NZL,2011,13.45408
New Zealand,NZL,2012,13.4186
New Zealand,NZL,2014,13.39386
New Zealand,NZL,2015,13.3185
New Zealand,NZL,2016,13.40947
New Zealand,NZL,2020,12.95394
Niger,NER,1977,0.80053
Niger,NER,2012,2.29924
Niger,NER,2018,1.67489
Nigeria,NGA,2006,9.01291
Nigeria,NGA,2016,8.46578
Nigeria,NGA,2018,8.00315
Nigeria,NGA,2019,8.73811
Nigeria,NGA,2021,8.70036
Niue,NIU,1976,6.18609
North Macedonia,MKD,2002,7.87644
North Macedonia,MKD,2018,12.19806
North Macedonia,MKD,2020,10.80744
Norway,NOR,1970,9.39782
Norway,NOR,1975,9.57561
Norway,NOR,1980,9.91518
Norway,NOR,1990,11.42721
Norway,NOR,2004,12.29657
Norway,NOR,2005,12.34629
Norway,NOR,2006,12.39769
Norway,NOR,2007,12.425
Norway,NOR,2008,12.46559
Norway,NOR,2009,12.48321
Norway,NOR,2010,12.51506
Norway,NOR,2011,12.55559
Norway,NOR,2014,12.66079
Norway,NOR,2015,12.70434
Norway,NOR,2016,12.73443
Norway,NOR,2017,12.84495
Norway,NOR,2019,12.87032
Oman,OMN,2003,6.88782
Oman,OMN,2008,8.48976
Oman,OMN,2010,8.14153
Oman,OMN,2015,9.37921
Oman,OMN,2020,11.6294
Oman,OMN,2022,11.69499
Pakistan,PAK,1972,2.48482
Pakistan,PAK,1981,2.60278
Pakistan,PAK,2005,4.01121
Pakistan,PAK,2006,6.10245
Pakistan,PAK,2008,6.04463
Pakistan,PAK,2009,6.02661
Pakistan,PAK,2010,6.16876
Pakistan,PAK,2011,6.35326
Pakistan,PAK,2012,6.25734
Pakistan,PAK,2013,6.31497
Pakistan,PAK,2014,6.50336
Pakistan,PAK,2017,6.37861
Pakistan,PAK,2018,5.94052
Pakistan,PAK,2019,5.03537
Palau,PLW,2013,12.78334
Palestine,PSE,2004,8.47155
Palestine,PSE,2006,8.51888
Palestine,PSE,2007,8.64202
Palestine,PSE,2008,8.66934
Palestine,PSE,2009,8.95952
Palestine,PSE,2010,8.95605
Palestine,PSE,2011,9.14459
Palestine,PSE,2012,9.3294
Palestine,PSE,2013,9.25683
Palestine,PSE,2014,9.27632
Palestine,PSE,2015,9.36872
Palestine,PSE,2016,9.36723
Palestine,PSE,2017,9.42164
Palestine,PSE,2018,9.62758
Palestine,PSE,2019,11.05366
Palestine,PSE,2020,9.96013
Palestine,PSE,2022,10.03093
Panama,PAN,1980,5.97759
Panama,PAN,1990,7.33738
Panama,PAN,2000,7.74829
Panama,PAN,2010,9.05107
Panama,PAN,2019,10.26065
Papua New Guinea,PNG,2018,5.61285
Paraguay,PRY,1972,4.16292
Paraguay,PRY,1982,4.98706
Paraguay,PRY,1992,6.11911
Paraguay,PRY,2003,7.06352
Paraguay,PRY,2005,7.52665
Paraguay,PRY,2006,7.26992
Paraguay,PRY,2007,7.32732
Paraguay,PRY,2008,7.50068
Paraguay,PRY,2009,7.37458
Paraguay,PRY,2012,7.79051
Paraguay,PRY,2013,8.26467
Paraguay,PRY,2014,8.25653
Paraguay,PRY,2015,8.53336
Paraguay,PRY,2016,8.32442
Paraguay,PRY,2018,8.57817
Paraguay,PRY,2019,8.81262
Paraguay,PRY,2020,8.86771
Peru,PER,1972,4.77346
Peru,PER,1981,6.55279
Peru,PER,1993,8.83442
Peru,PER,2004,9.03239
Peru,PER,2005,8.48332
Peru,PER,2006,8.64357
Peru,PER,2007,8.92088
Peru,PER,2008,8.92345
Peru,PER,2009,8.96292
Peru,PER,2010,9.54069
Peru,PER,2011,9.4747
Peru,PER,2012,9.65648
Peru,PER,2013,9.67161
Peru,PER,2014,9.7743
Peru,PER,2015,9.59677
Peru,PER,2018,10.32203
Philippines,PHL,1970,5.15641
Philippines,PHL,1975,5.72482
Philippines,PHL,1980,6.27887
Philippines,PHL,1990,7.28161
Philippines,PHL,2000,7.53326
Philippines,PHL,2004,8.46773
Philippines,PHL,2008,8.56779
Philippines,PHL,2010,8.79313
Philippines,PHL,2013,8.97552
Philippines,PHL,2017,7.8944
Philippines,PHL,2019,8.70255
Philippines,PHL,2020,8.65947
Philippines,PHL,2022,9.78084
Poland,POL,1970,7.12134
Poland,POL,1978,8.25253
Poland,POL,1988,9.34205
Poland,POL,2002,11.68507
Poland,POL,2008,12.25184
Poland,POL,2009,12.38544
Poland,POL,2010,12.33379
Poland,POL,2011,12.54266
Poland,POL,2012,12.7762
Poland,POL,2013,12.74464
Poland,POL,2014,12.78657
Poland,POL,2016,12.87273
Poland,POL,2020,12.9682
Portugal,PRT,1970,4.02935
Portugal,PRT,1981,5.16762
Portugal,PRT,1991,5.81609
Portugal,PRT,1998,6.87968
Portugal,PRT,1999,6.93414
Portugal,PRT,2000,6.99853
Portugal,PRT,2001,7.0714
Portugal,PRT,2002,7.11404
Portugal,PRT,2003,7.27869
Portugal,PRT,2004,7.51038
Portugal,PRT,2005,7.6061
Portugal,PRT,2006,7.71538
Portugal,PRT,2007,7.73164
Portugal,PRT,2008,7.83456
Portugal,PRT,2009,7.96752
Portugal,PRT,2010,8.05117
Portugal,PRT,2011,8.29401
Portugal,PRT,2012,8.5021
Portugal,PRT,2013,8.63296
Portugal,PRT,2014,8.82856
Portugal,PRT,2015,8.95325
Portugal,PRT,2016,9.06727
Portugal,PRT,2017,9.15011
Portugal,PRT,2018,9.0533
Portugal,PRT,2019,9.28472
Portugal,PRT,2020,9.53867
Puerto Rico,PRI,1970,6.89395
Puerto Rico,PRI,1980,8.77849
Puerto Rico,PRI,1990,9.30684
Puerto Rico,PRI,2000,11.14835
Puerto Rico,PRI,2005,11.54941
Puerto Rico,PRI,2006,11.43847
Puerto Rico,PRI,2007,11.62971
Puerto Rico,PRI,2008,11.64242
Puerto Rico,PRI,2011,11.68382
Puerto Rico,PRI,2012,11.88206
Puerto Rico,PRI,2017,12.55859
Qatar,QAT,1986,5.01558
Qatar,QAT,2004,7.98793
Qatar,QAT,2007,9.30941
Qatar,QAT,2008,9.43062
Qatar,QAT,2009,8.89236
Qatar,QAT,2010,8.19202
Qatar,QAT,2011,8.35676
Qatar,QAT,2012,8.81114
Qatar,QAT,2013,9.58896
Qatar,QAT,2014,9.45021
Qatar,QAT,2016,9.34215
Qatar,QAT,2017,9.36732
Qatar,QAT,2022,10.24393
Romania,ROU,1992,9.50707
Romania,ROU,2002,10.39471
Romania,ROU,2007,11.17232
Romania,ROU,2008,11.20953
Romania,ROU,2009,11.19047
Romania,ROU,2010,11.22227
Romania,ROU,2011,11.31935
Romania,ROU,2012,11.38249
Romania,ROU,2013,11.42079
Romania,ROU,2014,11.2546
Romania,ROU,2015,11.37949
Romania,ROU,2016,11.45812
Romania,ROU,2017,11.49177
Romania,ROU,2019,11.58393
Romania,ROU,2020,11.69312
Romania,ROU,2021,11.75949
Romania,ROU,2022,11.81682
Russia,RUS,1989,7.60434
Russia,RUS,2002,11.94576
Russia,RUS,2010,12.33137
Russia,RUS,2021,12.32426
Rwanda,RWA,1978,1.58522
Rwanda,RWA,2012,4.35714
Rwanda,RWA,2014,4.63628
Rwanda,RWA,2015,4.66895
Rwanda,RWA,2018,4.81869
Rwanda,RWA,2020,5.35192
Rwanda,RWA,2022,5.31957
Saint Kitts and Nevis,KNA,1970,6.61294
Saint Kitts and Nevis,KNA,1980,8.20154
Saint Lucia,LCA,1970,4.19026
Saint Lucia,LCA,1980,4.91065
Saint Lucia,LCA,1991,6.57983
Saint Lucia,LCA,2010,8.07457
Saint Lucia,LCA,2013,8.07754
Saint Lucia,LCA,2019,8.29069
Saint Vincent and the Grenadines,VCT,1970,5.6224
Saint Vincent and the Grenadines,VCT,2017,10.74548
Samoa,WSM,1971,6.27914
Samoa,WSM,1976,5.73299
Samoa,WSM,1981,6.5046
Samoa,WSM,2001,10.80787
Samoa,WSM,2011,11.55088
Samoa,WSM,2019,11.02199
San Marino,SMR,2018,10.69499
San Marino,SMR,2020,11.08066
San Marino,SMR,2022,11.38215
Sao Tome and Principe,STP,1981,2.4619
Sao Tome and Principe,STP,2012,6.10778
Sao Tome and Principe,STP,2019,6.61554
Saudi Arabia,SAU,2000,7.74106
Saudi Arabia,SAU,2004,8.05771
Saudi Arabia,SAU,2013,10.07446
Saudi Arabia,SAU,2017,10.51719
Saudi Arabia,SAU,2020,11.67045
Senegal,SEN,2006,2.13846
Senegal,SEN,2011,3.17675
Senegal,SEN,2013,3.49883
Senegal,SEN,2015,3.33262
Senegal,SEN,2016,3.70438
Senegal,SEN,2017,4.10517
Senegal,SEN,2018,3.86572
Senegal,SEN,2019,3.68343
Serbia,SRB,2002,8.6192
Serbia,SRB,2008,10.962
Serbia,SRB,2009,10.99737
Serbia,SRB,2010,11.05685
Serbia,SRB,2011,11.14607
Serbia,SRB,2013,11.12466
Serbia,SRB,2014,11.29434
Serbia,SRB,2015,11.50028
Serbia,SRB,2016,11.58726
Serbia,SRB,2017,11.6051
Serbia,SRB,2019,11.75636
Seychelles,SYC,1971,4.24263
Seychelles,SYC,2002,10.54508
Sierra Leone,SLE,2004,4.44987
Sierra Leone,SLE,2017,4.83721
Sierra Leone,SLE,2019,4.79608
Singapore,SGP,1980,4.24348
Singapore,SGP,1990,6.66481
Singapore,SGP,1995,8.59065
Singapore,SGP,2005,11.06258
Singapore,SGP,2006,10.90761
Singapore,SGP,2007,10.99231
Singapore,SGP,2008,11.2575
Singapore,SGP,2009,11.2721
Singapore,SGP,2010,11.62496
Singapore,SGP,2011,11.69859
Singapore,SGP,2012,11.69347
Singapore,SGP,2013,11.8157
Singapore,SGP,2014,11.85299
Singapore,SGP,2015,11.99047
Singapore,SGP,2016,12.018
Singapore,SGP,2017,11.96003
Singapore,SGP,2018,12.17492
Singapore,SGP,2019,12.21098
Singapore,SGP,2020,12.25471
Singapore,SGP,2021,12.2293
Singapore,SGP,2022,12.14091
Slovakia,SVK,1991,7.98771
Slovakia,SVK,2001,10.34082
Slovakia,SVK,2011,12.7045
Slovakia,SVK,2012,12.56204
Slovakia,SVK,2013,12.62933
Slovakia,SVK,2014,12.61561
Slovakia,SVK,2015,12.77102
Slovakia,SVK,2016,12.81199
Slovakia,SVK,2017,12.84747
Slovakia,SVK,2018,12.92674
Slovakia,SVK,2019,12.95856
Slovenia,SVN,1991,8.30306
Slovenia,SVN,2004,12.12691
Slovenia,SVN,2005,11.99882
Slovenia,SVN,2006,12.05691
Slovenia,SVN,2007,11.90086
Slovenia,SVN,2008,12.1373
Slovenia,SVN,2009,12.23974
Slovenia,SVN,2010,12.26576
Slovenia,SVN,2011,12.38192
Slovenia,SVN,2012,12.39231
Slovenia,SVN,2013,12.48729
Slovenia,SVN,2014,12.52621
Slovenia,SVN,2015,12.60202
Slovenia,SVN,2016,12.68286
Slovenia,SVN,2017,12.69075
Slovenia,SVN,2019,12.77306
Somalia,SOM,2022,2.915
South Africa,ZAF,1970,4.74036
South Africa,ZAF,1985,5.12342
South Africa,ZAF,2001,7.7618
South Africa,ZAF,2002,8.7939
South Africa,ZAF,2003,9.09231
South Africa,ZAF,2004,9.0601
South Africa,ZAF,2005,9.23236
South Africa,ZAF,2006,9.27683
South Africa,ZAF,2007,9.36936
South Africa,ZAF,2008,9.55569
South Africa,ZAF,2009,9.88485
South Africa,ZAF,2010,9.95206
South Africa,ZAF,2011,9.88418
South Africa,ZAF,2012,10.17279
South Africa,ZAF,2014,10.34145
South Africa,ZAF,2015,10.45115
South Africa,ZAF,2016,9.53493
South Africa,ZAF,2017,10.2777
South Africa,ZAF,2019,12.15235
South Africa,ZAF,2020,10.65506
South Africa,ZAF,2021,11.72364
South Korea,KOR,1970,6.865
South Korea,KOR,1975,8.08151
South Korea,KOR,1980,8.69333
South Korea,KOR,1985,10.70476
South Korea,KOR,1990,10.53159
South Korea,KOR,1995,11.23645
South Korea,KOR,2000,11.65849
South Korea,KOR,2005,12.21027
South Korea,KOR,2009,11.86398
South Korea,KOR,2010,12.45993
South Korea,KOR,2015,12.85294
South Sudan,SSD,2008,6.18948
Spain,ESP,1970,5.19636
Spain,ESP,1981,5.35725
Spain,ESP,1986,5.82879
Spain,ESP,1991,6.55143
Spain,ESP,2004,8.95799
Spain,ESP,2005,9.23632
Spain,ESP,2006,9.32472
Spain,ESP,2007,9.41472
Spain,ESP,2008,9.46062
Spain,ESP,2009,9.49834
Spain,ESP,2010,9.61129
Spain,ESP,2011,9.71719
Spain,ESP,2012,9.71911
Spain,ESP,2014,9.8971
Spain,ESP,2015,10.06324
Spain,ESP,2016,10.13288
Spain,ESP,2018,10.24232
Spain,ESP,2020,10.68845
Sri Lanka,LKA,1971,5.45317
Sri Lanka,LKA,1981,6.10102
Sri Lanka,LKA,2001,10.3813
Sri Lanka,LKA,2008,10.24739
Sri Lanka,LKA,2009,10.35054
Sri Lanka,LKA,2016,10.52407
Sri Lanka,LKA,2017,10.60875
Sri Lanka,LKA,2018,10.65071
Sri Lanka,LKA,2019,10.70356
Sri Lanka,LKA,2020,10.82703
Sri Lanka,LKA,2021,11.38662
Sri Lanka,LKA,2022,11.37936
Sudan,SDN,1983,2.17853
Sudan (former),,1983,1.68769
Suriname,SUR,2004,8.09853
Suriname,SUR,2012,9.24609
Suriname,SUR,2018,8.18893
Sweden,SWE,1970,6.75167
Sweden,SWE,1974,7.49037
Sweden,SWE,1979,8.5961
Sweden,SWE,1986,8.89857
Sweden,SWE,1987,9.0625
Sweden,SWE,1988,9.2234
Sweden,SWE,1989,9.38519
Sweden,SWE,1990,9.58229
Sweden,SWE,1991,9.73239
Sweden,SWE,1992,9.99738
Sweden,SWE,1993,10.15553
Sweden,SWE,1994,10.29369
Sweden,SWE,1995,10.4648
Sweden,SWE,2004,12.00824
Sweden,SWE,2005,12.07862
Sweden,SWE,2006,12.13995
Sweden,SWE,2007,12.20116
Sweden,SWE,2008,11.9912
Sweden,SWE,2009,12.05024
Sweden,SWE,2010,12.10718
Sweden,SWE,2011,12.16608
Sweden,SWE,2012,12.22095
Sweden,SWE,2013,12.15838
Sweden,SWE,2014,12.2043
Sweden,SWE,2015,12.24822
Sweden,SWE,2016,12.29128
Sweden,SWE,2017,12.35186
Sweden,SWE,2019,12.44829
Switzerland,CHE,1980,8.06295
Switzerland,CHE,2009,13.93905
Switzerland,CHE,2010,13.87328
Switzerland,CHE,2011,13.85696
Switzerland,CHE,2012,13.94225
Switzerland,CHE,2014,14.14759
Switzerland,CHE,2015,14.17958
Switzerland,CHE,2016,14.15322
Switzerland,CHE,2018,14.22372
Switzerland,CHE,2019,14.24829
Syria,SYR,1970,2.46258
Syria,SYR,2002,5.33154
Syria,SYR,2007,7.61755
Syria,SYR,2008,7.08525
Syria,SYR,2009,7.34266
Tajikistan,TJK,1989,10.06128
Tajikistan,TJK,2000,11.32771
Tajikistan,TJK,2017,12.00534
Tanzania,TZA,2002,5.04883
Tanzania,TZA,2012,6.08506
Tanzania,TZA,2015,6.27272
Tanzania,TZA,2018,6.24219
Thailand,THA,1970,3.40673
Thailand,THA,1980,4.26332
Thailand,THA,2004,7.48137
Thailand,THA,2006,7.30178
Thailand,THA,2010,7.82145
Thailand,THA,2013,8.16667
Thailand,THA,2016,8.53242
Thailand,THA,2018,8.58686
Thailand,THA,2019,8.83826
Thailand,THA,2022,9.23316
Togo,TGO,1970,0.91215
Togo,TGO,2009,4.86534
Togo,TGO,2011,5.56486
Togo,TGO,2017,6.59686
Tonga,TON,1986,7.99769
Tonga,TON,1996,10.15466
Tonga,TON,2006,10.19157
Tonga,TON,2011,10.93795
Tonga,TON,2019,10.77633
Trinidad and Tobago,TTO,1970,6.0427
Trinidad and Tobago,TTO,1980,6.98285
Trinidad and Tobago,TTO,1990,7.37326
Trinidad and Tobago,TTO,2008,10.31306
Trinidad and Tobago,TTO,2009,10.31847
Trinidad and Tobago,TTO,2011,10.62323
Tunisia,TUN,1975,2.03868
Tunisia,TUN,1980,3.11266
Tunisia,TUN,1984,3.78958
Tunisia,TUN,2008,7.42284
Tunisia,TUN,2010,7.67465
Tunisia,TUN,2011,7.87024
Tunisia,TUN,2012,7.75454
Tunisia,TUN,2016,7.972
Tunisia,TUN,2018,8.42865
Tunisia,TUN,2019,7.92737
Turkey,TUR,1975,3.03168
Turkey,TUR,1980,3.74626
Turkey,TUR,1985,4.93827
Turkey,TUR,2004,6.89017
Turkey,TUR,2005,7.05176
Turkey,TUR,2006,7.13713
Turkey,TUR,2007,7.19042
Turkey,TUR,2008,7.30927
Turkey,TUR,2009,7.46852
Turkey,TUR,2010,8.03465
Turkey,TUR,2011,8.28522
Turkey,TUR,2012,8.39064
Turkey,TUR,2013,8.52613
Turkey,TUR,2014,8.67823
Turkey,TUR,2015,8.83253
Turkey,TUR,2016,8.9467
Turkey,TUR,2017,9.10125
Turkey,TUR,2019,9.4116
Turkmenistan,TKM,1995,11.42259
Turkmenistan,TKM,2015,11.10798
Turkmenistan,TKM,2019,11.40062
Turks and Caicos Islands,TCA,1970,5.95205
Turks and Caicos Islands,TCA,1980,6.58562
Turks and Caicos Islands,TCA,2019,11.14869
Tuvalu,TUV,1991,7.8903
Tuvalu,TUV,2019,10.71009
Uganda,UGA,1991,4.39067
Uganda,UGA,2002,5.15705
Uganda,UGA,2008,5.16767
Uganda,UGA,2010,6.47107
Uganda,UGA,2012,6.33429
Uganda,UGA,2016,7.09116
Ukraine,UKR,1970,6.56608
Ukraine,UKR,2001,11.12515
United Arab Emirates,ARE,1975,3.17781
United Arab Emirates,ARE,2005,8.64947
United Arab Emirates,ARE,2017,12.37266
United Arab Emirates,ARE,2018,12.68007
United Arab Emirates,ARE,2019,12.80508
United Arab Emirates,ARE,2021,12.90589
United Arab Emirates,ARE,2022,13.10813
United Kingdom,GBR,1971,11.43126
United Kingdom,GBR,2009,13.19761
United Kingdom,GBR,2010,13.30865
United Kingdom,GBR,2011,13.3026
United Kingdom,GBR,2012,13.40786
United Kingdom,GBR,2013,12.92059
United Kingdom,GBR,2014,12.94114
United Kingdom,GBR,2017,13.16766
United Kingdom,GBR,2020,13.36057
United Kingdom,GBR,2021,13.42925
United States,USA,1970,11.11687
United States,USA,1975,11.89029
United States,USA,1979,12.23678
United States,USA,1980,12.61288
United States,USA,1981,12.85388
United States,USA,1994,13.30802
United States,USA,2004,12.88046
United States,USA,2005,12.86592
United States,USA,2006,12.91221
United States,USA,2008,12.99529
United States,USA,2009,13.00476
United States,USA,2010,13.03912
United States,USA,2011,13.10235
United States,USA,2012,13.14698
United States,USA,2013,13.19358
United States,USA,2014,13.20053
United States,USA,2015,13.22016
United States,USA,2016,13.30447
United States,USA,2017,13.36866
United States,USA,2018,13.47345
United States,USA,2020,13.62498
United States,USA,2021,13.49329
United States,USA,2022,13.81907
Uruguay,URY,1975,5.70935
Uruguay,URY,1985,6.77127
Uruguay,URY,1996,7.30146
Uruguay,URY,2003,8.73718
Uruguay,URY,2006,7.78927
Uruguay,URY,2008,8.16077
Uruguay,URY,2009,8.16535
Uruguay,URY,2010,8.12232
Uruguay,URY,2011,8.15025
Uruguay,URY,2012,8.20385
Uruguay,URY,2013,8.2742
Uruguay,URY,2014,8.33952
Uruguay,URY,2015,8.39488
Uruguay,URY,2016,8.40811
Uruguay,URY,2017,8.54041
Uruguay,URY,2018,8.6091
Uruguay,URY,2019,8.67691
Uzbekistan,UZB,2013,11.47641
Uzbekistan,UZB,2014,11.53852
Uzbekistan,UZB,2015,11.55514
Uzbekistan,UZB,2016,11.90655
Uzbekistan,UZB,2018,11.96164
Uzbekistan,UZB,2019,12.06483
Uzbekistan,UZB,2021,12.08939
Uzbekistan,UZB,2022,12.07958
Venezuela,VEN,1971,3.53399
Venezuela,VEN,1981,5.66121
Venezuela,VEN,1990,5.46128
Venezuela,VEN,2001,8.227
Venezuela,VEN,2006,7.35899
Venezuela,VEN,2007,7.79483
Venezuela,VEN,2008,7.9093
Venezuela,VEN,2009,7.99272
Venezuela,VEN,2011,8.77917
Venezuela,VEN,2015,9.29819
Venezuela,VEN,2016,10.01546
Vietnam,VNM,1979,7.54907
Vietnam,VNM,1989,4.63733
Vietnam,VNM,2009,8.11578
Vietnam,VNM,2019,8.80136
Vietnam,VNM,2022,9.47043
Zambia,ZMB,1980,4.75386
Zambia,ZMB,1990,5.77907
Zambia,ZMB,2018,8.1003
Zimbabwe,ZWE,1992,6.23846
Zimbabwe,ZWE,2002,7.78964
Zimbabwe,ZWE,2012,8.27092
Zimbabwe,ZWE,2014,8.8634
Zimbabwe,ZWE,2015,9.26535
Zimbabwe,ZWE,2017,8.91627
Zimbabwe,ZWE,2019,9.46264